reporting_fiscal_year,reporting_as_of_date,category,subcategory,month_to_date_actual_amount,month_to_date_budgeted_amount,year_to_date_actual_amount,year_to_date_budgeted_amount,ObjectId
2021,2020/10/31 04:00:00+00,Expenses,Debt Service,42604528.91,43620927.71,128405819.55,130862788.13,1
2021,2020/11/30 05:00:00+00,Expenses,Debt Service,42604528.91,43620927.71,128405819.55,130862788.13,2
2021,2020/12/30 05:00:00+00,Expenses,Debt Service,42604528.91,43620927.71,128405819.55,130862788.13,3
2021,2020/10/31 04:00:00+00,Revenue,Non-Operating Revenues,165100020.01,160608918.267,489604292.71,474924829.164,4
2021,2020/11/30 05:00:00+00,Revenue,Non-Operating Revenues,165100020.01,160608918.267,489604292.71,474924829.164,5
2021,2020/12/30 05:00:00+00,Revenue,Non-Operating Revenues,165100020.01,160608918.267,489604292.71,474924829.164,6
2021,2020/10/31 04:00:00+00,Expenses,Operating Expenses,134625162.36,147194996.926,408719550.85,442524176.722,7
2021,2020/11/30 05:00:00+00,Expenses,Operating Expenses,134625162.36,147194996.926,408719550.85,442524176.722,8
2021,2020/12/30 05:00:00+00,Expenses,Operating Expenses,134625162.36,147194996.926,408719550.85,442524176.722,9
2021,2020/10/31 04:00:00+00,Revenue,Operating Revenues,17625691.34,16473948.237,45296005.83,32921690.828,10
2021,2020/11/30 05:00:00+00,Revenue,Operating Revenues,17625691.34,16473948.237,45296005.83,32921690.828,11
2021,2020/12/30 05:00:00+00,Revenue,Operating Revenues,17625691.34,16473948.237,45296005.83,32921690.828,12
2021,2020/09/30 04:00:00+00,Expenses,Debt Service,42604528.91,43620927.71,128405819.55,130862788.13,13
2021,2020/09/30 04:00:00+00,Revenue,Non-Operating Revenues,165100020.01,160608918.267,489604292.71,474924829.164,14
2021,2020/09/30 04:00:00+00,Expenses,Operating Expenses,134625162.36,147194996.926,408719550.85,442524176.722,15
2021,2020/09/30 04:00:00+00,Revenue,Operating Revenues,17625691.34,16473948.237,45296005.83,32921690.828,16
2021,2020/08/31 04:00:00+00,Expenses,Debt Service,42435178.13,43620928.71,85801290.64,87241860.42,17
2021,2020/08/31 04:00:00+00,Revenue,Non-Operating Revenues,168005951.66,156897937.016,324504272.7,314315910.897,18
2021,2020/08/31 04:00:00+00,Expenses,Operating Expenses,136795925.68,143461231.71,274094388.49,295329179.796,19
2021,2020/08/31 04:00:00+00,Revenue,Operating Revenues,15148676.18,9923508.614,27670314.49,16447742.591,20
2021,2020/07/31 04:00:00+00,Expenses,Debt Service,43366112.51,43620931.71,43366112.51,43620931.71,21
2021,2020/07/31 04:00:00+00,Revenue,Non-Operating Revenues,156498321.04,157417973.881,156498321.04,157417973.881,22
2021,2020/07/31 04:00:00+00,Expenses,Operating Expenses,137298462.81,151867948.086,137298462.81,151867948.086,23
2021,2020/07/31 04:00:00+00,Revenue,Operating Revenues,12521638.31,6524233.977,12521638.31,6524233.977,24
2020,2020/06/30 04:00:00+00,Expenses,Debt Service,39586239.46,40910140.814,486410448.85,490921689.768,25
2020,2020/06/30 04:00:00+00,Revenue,Non-Operating Revenues,171607908.79,110041221.617,1525692786.03,1274765314.824,26
2020,2020/06/30 04:00:00+00,Expenses,Operating Expenses,141342280.65,134273737.796,1630305340.311,1628503685.455,27
2020,2020/06/30 04:00:00+00,Revenue,Operating Revenues,11871293.28,75199167.988,619449833.114,808120492.691,28
2020,2020/05/31 04:00:00+00,Expenses,Debt Service,39139820.46,40910140.814,446824209.39,450011548.954,29
2020,2020/05/31 04:00:00+00,Revenue,Non-Operating Revenues,260462380.05,106285274.297,1354084877.24,1164724093.207,30
2020,2020/05/31 04:00:00+00,Expenses,Operating Expenses,122515191.17,130470762.066,1488963059.661,1494229947.659,31
2020,2020/05/31 04:00:00+00,Revenue,Operating Revenues,8178195.64,67482579.911,607578539.834,732921324.703,32
2020,2020/04/30 04:00:00+00,Expenses,Debt Service,41311580.88,40910140.81,407684388.9,409101408.1,33
2020,2020/04/30 04:00:00+00,Revenue,Non-Operating Revenues,107707087.3,106272667.9,1093622497,1058438819,34
2020,2020/04/30 04:00:00+00,Expenses,Operating Expenses,128583580,135403054.8,1366447868,1363759186,35
2020,2020/04/30 04:00:00+00,Revenue,Operating Revenues,10689225.29,67418966.3,599400344.2,665438744.8,36
2020,2020/03/31 04:00:00+00,Expenses,Debt Service,41137683,40910140.81,366372808.1,368191267.3,37
2020,2020/03/31 04:00:00+00,Revenue,Non-Operating Revenues,104019788.9,106044172.7,985915409.9,952166151,38
2020,2020/03/31 04:00:00+00,Expenses,Operating Expenses,130236713.6,136588069.3,1237864289,1228356131,39
2020,2020/03/31 04:00:00+00,Revenue,Operating Revenues,49024296.31,66225770.16,588711118.9,598019778.5,40
2020,2020/02/29 05:00:00+00,Expenses,Debt Service,41028175.54,40910140.81,325235125.1,327281126.5,41
2020,2020/02/29 05:00:00+00,Revenue,Non-Operating Revenues,122569605.7,105875697.9,881895620.9,846121978.3,42
2020,2020/02/29 05:00:00+00,Expenses,Operating Expenses,133360615.4,132034096.6,1107627575,1091768062,43
2020,2020/02/29 05:00:00+00,Revenue,Operating Revenues,62249679.48,60982793.86,539686822.6,531794008.3,44
2020,2020/01/31 05:00:00+00,Expenses,Debt Service,40929135.52,40910140.81,284206949.5,286370985.7,45
2020,2020/01/31 05:00:00+00,Revenue,Non-Operating Revenues,109375501.6,105679769.2,759326015.4,740246280.4,46
2020,2020/01/31 05:00:00+00,Expenses,Operating Expenses,151458756.8,145535950,974266959.6,959733964.9,47
2020,2020/01/31 05:00:00+00,Revenue,Operating Revenues,66301213.86,63762322.94,477437143.1,470811214.5,48
2020,2019/12/31 05:00:00+00,Expenses,Debt Service,18926022.7,40910140.81,112529466.2,245460844.9,49
2020,2019/12/31 05:00:00+00,Revenue,Non-Operating Revenues,123179960.4,107873348.2,653744761.8,634566511.2,50
2020,2019/12/31 05:00:00+00,Expenses,Operating Expenses,314088357.7,139235123.5,1519540017,814198014.9,51
2020,2019/12/31 05:00:00+00,Revenue,Operating Revenues,67039460.29,64458342.58,418822585.5,407048891.5,52
2020,2019/11/30 05:00:00+00,Expenses,Debt Service,39927702.61,40910140.81,202560400.1,204550704.1,53
2020,2019/11/30 05:00:00+00,Revenue,Non-Operating Revenues,109153412.8,105613299.6,540512761,526693163,54
2020,2019/11/30 05:00:00+00,Expenses,Operating Expenses,141053432.8,135118439.7,672749328.5,674962891.4,55
2020,2019/11/30 05:00:00+00,Revenue,Operating Revenues,68547329.1,66795619.64,345377578.3,342590548.9,56
2020,2019/10/31 04:00:00+00,Expenses,Debt Service,19039353.65,40910140.81,75467132.1,163640563.3,57
2020,2019/10/31 04:00:00+00,Revenue,Non-Operating Revenues,108293021.6,105309711,420640004.2,421079863.5,58
2020,2019/10/31 04:00:00+00,Expenses,Operating Expenses,219478539.4,138744049.4,936732621,539844451.8,59
2020,2019/10/31 04:00:00+00,Revenue,Operating Revenues,71217283.19,70671039.36,281954686.7,275794929.3,60
2020,2019/09/30 04:00:00+00,Expenses,Debt Service,19175585.44,40910140.81,56427778.45,122730422.4,61
2020,2019/09/30 04:00:00+00,Revenue,Non-Operating Revenues,109805414.1,105326865.5,312346982.6,315770152.4,62
2020,2019/09/30 04:00:00+00,Expenses,Operating Expenses,330892359.2,130258375.5,717254081.7,401100402.4,63
2020,2019/09/30 04:00:00+00,Revenue,Operating Revenues,71660397.31,70016487.15,210737403.5,205123890,64
2020,2019/08/31 04:00:00+00,Expenses,Debt Service,18105284.42,40910140.81,37252193.01,81820281.63,65
2020,2019/08/31 04:00:00+00,Revenue,Non-Operating Revenues,105388739.1,105373526.3,202541568.5,210443286.9,66
2020,2019/08/31 04:00:00+00,Expenses,Operating Expenses,201519729.2,133023099,386361722.5,270842026.9,67
2020,2019/08/31 04:00:00+00,Revenue,Operating Revenues,69270422.65,66883542.37,139077006.2,135107402.8,68
2020,2019/07/31 04:00:00+00,Expenses,Debt Service,19146908.59,40910140.81,19146908.59,40910140.81,69
2020,2019/07/31 04:00:00+00,Revenue,Non-Operating Revenues,97152829.52,105069760.6,97152829.52,105069760.6,70
2020,2019/07/31 04:00:00+00,Expenses,Operating Expenses,184841993.3,137818928,184841993.3,137818928,71
2020,2019/07/31 04:00:00+00,Revenue,Operating Revenues,69806583.55,68223860.43,69806583.55,68223860.43,72
2019,2019/06/30 04:00:00+00,Expenses,Debt Service,26266693.2,41071752.5,235720659.7,492861030.1,73
2019,2019/06/30 04:00:00+00,Revenue,Non-Operating Revenues,165163822.9,103224365.9,1310088491,1234113749,74
2019,2019/06/30 04:00:00+00,Expenses,Operating Expenses,201005426.8,124869648.7,1884244614,1564455442,75
2019,2019/06/30 04:00:00+00,Revenue,Operating Revenues,68650571.38,69513537.21,777190757.6,786678299.9,76
2019,2019/05/31 04:00:00+00,Expenses,Debt Service,80247699.54,82143505,879397693.4,903578555.2,77
2019,2019/05/31 04:00:00+00,Revenue,Non-Operating Revenues,210283281.6,204649695.9,2295507557,2261778766,78
2019,2019/05/31 04:00:00+00,Expenses,Operating Expenses,269921203.9,258768823.9,2854718798,2879171587,79
2019,2019/05/31 04:00:00+00,Revenue,Operating Revenues,130922665.8,131643429.1,1389003255,1434329525,80
2019,2019/04/30 04:00:00+00,Expenses,Debt Service,40339466.61,41071752.5,399574996.9,410717525,81
2019,2019/04/30 04:00:00+00,Revenue,Non-Operating Revenues,105427858,102344060.3,1042612137,1028564535,82
2019,2019/04/30 04:00:00+00,Expenses,Operating Expenses,125093008.8,127738885.2,1292398797,1310201381,83
2019,2019/04/30 04:00:00+00,Revenue,Operating Revenues,64359978.01,65258662.16,629040294.6,651343048.2,84
2019,2019/03/31 04:00:00+00,Expenses,Debt Service,40099967.24,41071752.5,359235530.3,369645772.6,85
2019,2019/03/31 04:00:00+00,Revenue,Non-Operating Revenues,102459126.7,104337298.2,937184279.5,926220474.9,86
2019,2019/03/31 04:00:00+00,Expenses,Operating Expenses,126205362.6,127461584.9,1167305788,1182462496,87
2019,2019/03/31 04:00:00+00,Revenue,Operating Revenues,63118290.72,65135956.69,564680316.6,586084386,88
2019,2019/02/28 05:00:00+00,Expenses,Debt Service,39783096.25,41071752.5,319135563,328574020.1,89
2019,2019/02/28 05:00:00+00,Revenue,Non-Operating Revenues,102534982.4,102343318.4,834725152.8,821883176.6,90
2019,2019/02/28 05:00:00+00,Expenses,Operating Expenses,126494898.4,126053095.4,1041100426,1055000911,91
2019,2019/02/28 05:00:00+00,Revenue,Operating Revenues,58010132.81,58657110.39,501562025.9,520948429.3,92
2019,2019/01/31 05:00:00+00,Expenses,Debt Service,40038144.41,41071752.5,279352466.8,287502267.5,93
2019,2019/01/31 05:00:00+00,Revenue,Non-Operating Revenues,105500392,102312724.2,732190170.4,719539858.3,94
2019,2019/01/31 05:00:00+00,Expenses,Operating Expenses,134026169.9,137655292.1,914605527.4,928947815.8,95
2019,2019/01/31 05:00:00+00,Revenue,Operating Revenues,61273070.09,63448194.61,443551893,462291318.9,96
2019,2018/12/31 05:00:00+00,Expenses,Debt Service,39707013.65,41071752.5,239314322.4,246430515,97
2019,2018/12/31 05:00:00+00,Revenue,Non-Operating Revenues,106045167.8,103675125.2,626689778.3,617227134,98
2019,2018/12/31 05:00:00+00,Expenses,Operating Expenses,123608965.6,131183810.9,780579357.5,791292523.6,99
2019,2018/12/31 05:00:00+00,Revenue,Operating Revenues,60365272.67,63237973.75,382278823,398843124.3,100
2019,2018/11/30 05:00:00+00,Expenses,Debt Service,39327143.43,41071752.5,199607308.7,205358762.6,101
2019,2018/11/30 05:00:00+00,Revenue,Non-Operating Revenues,102796793.5,102354619.3,520644610.6,513552008.8,102
2019,2018/11/30 05:00:00+00,Expenses,Operating Expenses,126962546.6,132174890.5,656970391.9,660108712.8,103
2019,2018/11/30 05:00:00+00,Revenue,Operating Revenues,63064724,65426067.95,321913550.4,335605150.6,104
2019,2018/10/31 04:00:00+00,Expenses,Debt Service,38402870.25,41071752.5,160280165.3,164287010,105
2019,2018/10/31 04:00:00+00,Revenue,Non-Operating Revenues,102502583.7,102366502.1,417847817,411197389.5,106
2019,2018/10/31 04:00:00+00,Expenses,Operating Expenses,137270393.1,134292058.1,530007845.2,527933822.2,107
2019,2018/10/31 04:00:00+00,Revenue,Operating Revenues,67655014.42,69320905,258848826.3,270179082.6,108
2019,2018/09/30 04:00:00+00,Expenses,Debt Service,40276865.05,41071752.5,121877295.1,123215257.5,109
2019,2018/09/30 04:00:00+00,Revenue,Non-Operating Revenues,104922841,104121353.8,315345233.3,308830887.5,110
2019,2018/09/30 04:00:00+00,Expenses,Operating Expenses,125166986,126339537.6,392737452.2,393641764.1,111
2019,2018/09/30 04:00:00+00,Revenue,Operating Revenues,65443224.52,68391780.13,191193811.9,200858177.6,112
2019,2018/08/31 04:00:00+00,Expenses,Debt Service,39228498.78,41071752.5,81600430,82143505.02,113
2019,2018/08/31 04:00:00+00,Revenue,Non-Operating Revenues,103736504.9,102368336.8,210422392.3,204709533.7,114
2017,2017/06/30 04:00:00+00,Revenue,Operating Revenues,63146168.94,62822932.16,715641907,722658504,115
2017,2017/05/31 04:00:00+00,Expenses,Debt Service,39773933.63,38191173,386967447.8,419836527,116
2017,2017/05/31 04:00:00+00,Revenue,Non-Operating Revenues,105197364.3,102644818.3,1099520648,1115421935,117
2017,2017/05/31 04:00:00+00,Expenses,Operating Expenses,122839291.9,133052446,1395476476,1431101509,118
2017,2017/05/31 04:00:00+00,Revenue,Operating Revenues,61335112.43,61578955.26,652495738,659835571.9,119
2017,2017/04/30 04:00:00+00,Expenses,Debt Service,37493202.26,38191172,347193514.1,381645354,120
2017,2017/04/30 04:00:00+00,Revenue,Non-Operating Revenues,89653692.82,102636811.3,994323283.2,1012777116,121
2017,2017/04/30 04:00:00+00,Expenses,Operating Expenses,118392336.7,122706210.3,1272637185,1298049063,122
2017,2017/04/30 04:00:00+00,Revenue,Operating Revenues,60251099.94,61079997.07,591160625.6,598256616.6,123
2017,2017/03/31 04:00:00+00,Expenses,Debt Service,25940307.75,38306170,309700311.9,343454182,124
2017,2017/03/31 04:00:00+00,Revenue,Non-Operating Revenues,95832771.32,103411811.3,904669590.3,910140305,125
2017,2017/03/31 04:00:00+00,Expenses,Operating Expenses,139659107.8,134600114.4,1154244848,1175342853,126
2017,2017/03/31 04:00:00+00,Revenue,Operating Revenues,58438348.46,60732271.36,530909525.6,537176619.6,127
2017,2017/02/28 05:00:00+00,Expenses,Debt Service,34543800.96,38245466,283760004.1,305148012,128
2017,2017/02/28 05:00:00+00,Revenue,Non-Operating Revenues,98473392.55,100636811.3,808836819,806728493.7,129
2017,2017/02/28 05:00:00+00,Expenses,Operating Expenses,116372621.3,125470407.6,1014587513,1040742739,130
2017,2017/02/28 05:00:00+00,Revenue,Operating Revenues,53510950.22,54940747.79,472471177.2,476444348.1,131
2017,2017/01/31 05:00:00+00,Expenses,Debt Service,35344181.04,38245465,249216203.2,266902546,132
2017,2017/01/31 05:00:00+00,Revenue,Non-Operating Revenues,106434596.1,100636811.3,710363426.5,706091682.4,133
2017,2017/01/31 05:00:00+00,Expenses,Operating Expenses,124585015.1,135219625.1,898214892,915272331.1,134
2017,2017/01/31 05:00:00+00,Revenue,Operating Revenues,57845260.42,57756232.34,418960226.9,421503600.4,135
2017,2016/12/31 05:00:00+00,Expenses,Debt Service,36795368.06,38360465,213872022.1,228657081,136
2017,2016/12/31 05:00:00+00,Revenue,Non-Operating Revenues,94079611.34,101411811.3,603928830.4,605454871,137
2017,2016/12/31 05:00:00+00,Expenses,Operating Expenses,130332060.2,131950406.1,773629876.9,780052706,138
2017,2016/12/31 05:00:00+00,Revenue,Operating Revenues,58016974.63,57127704.51,361114966.6,363747368.1,139
2017,2016/11/30 05:00:00+00,Expenses,Debt Service,34202810.08,38245465,177076654.1,190296616,140
2017,2016/11/30 05:00:00+00,Revenue,Non-Operating Revenues,107217816.6,100636811.3,509849219,504043059.6,141
2017,2016/11/30 05:00:00+00,Expenses,Operating Expenses,127055843.8,131052215.8,643297816.7,648102299.9,142
2017,2016/11/30 05:00:00+00,Revenue,Operating Revenues,59093138.8,60939616.64,303097991.9,306619663.5,143
2017,2016/10/31 04:00:00+00,Expenses,Debt Service,36937681.58,38245465,142873844,152051151,144
2017,2016/10/31 04:00:00+00,Revenue,Non-Operating Revenues,100674362.5,100636811.3,402631402.5,403406248.4,145
2017,2016/10/31 04:00:00+00,Expenses,Operating Expenses,124280867.1,127836203.5,516241972.9,517050084.1,146
2017,2016/10/31 04:00:00+00,Revenue,Operating Revenues,61510807.2,63357353.54,244004853.1,245680046.9,147
2017,2016/09/30 04:00:00+00,Expenses,Debt Service,32408717.22,38146991,105936162.4,113165265,148
2017,2016/09/30 04:00:00+00,Revenue,Non-Operating Revenues,95535321,101439812.3,301957040,302769437,149
2017,2016/09/30 04:00:00+00,Expenses,Operating Expenses,130818443.2,130801304.9,391961105.9,389213880.7,150
2017,2016/09/30 04:00:00+00,Revenue,Operating Revenues,61851116.09,61558926.79,182494045.9,182322693.4,151
2017,2016/08/31 04:00:00+00,Expenses,Debt Service,36877258.87,36986285,73527445.19,75018274,152
2017,2016/08/31 04:00:00+00,Revenue,Non-Operating Revenues,104336139.9,100664812.3,206421719,201329624.6,153
2017,2016/08/31 04:00:00+00,Expenses,Operating Expenses,133154121.4,129255978,261142662.6,258412575.8,154
2017,2016/08/31 04:00:00+00,Revenue,Operating Revenues,60585227.56,60309738.23,120642929.9,120763766.6,155
2017,2016/07/31 04:00:00+00,Expenses,Debt Service,36650186.32,38031989,36650186.32,38031989,156
2017,2016/07/31 04:00:00+00,Revenue,Non-Operating Revenues,102085579.1,100664812.3,102085579.1,100664812.3,157
2017,2016/07/31 04:00:00+00,Expenses,Operating Expenses,127988541.2,129156597.8,127988541.2,129156597.8,158
2017,2016/07/31 04:00:00+00,Revenue,Operating Revenues,60057702.26,60454028.35,60057702.26,60454028.35,159
2016,2016/06/30 04:00:00+00,Expenses,Debt Service,36876982.86,36929747,443702322.4,452109168,160
2016,2016/06/30 04:00:00+00,Revenue,Non-Operating Revenues,134510120.8,148114832.7,1183653974,1183899858,161
2016,2016/06/30 04:00:00+00,Expenses,Operating Expenses,143933746.2,133070372.9,1504341546,1568855291,162
2016,2016/06/30 04:00:00+00,Revenue,Operating Revenues,62025828.96,55137016.69,678461887.1,667507848.5,163
2016,2016/05/31 04:00:00+00,Expenses,Debt Service,36781780.47,36929748,406825339.6,415179421,164
2016,2016/05/31 04:00:00+00,Revenue,Non-Operating Revenues,89795476.32,79527319.45,1049143853,1035785025,165
2016,2016/05/31 04:00:00+00,Expenses,Operating Expenses,126927829.5,132801854.7,1360407800,1435784918,166
2016,2016/05/31 04:00:00+00,Revenue,Operating Revenues,57024350.14,57229812.76,616436058,612370831.7,167
2016,2016/04/30 04:00:00+00,Expenses,Debt Service,36782443.11,36929746,370043559,378249673,168
2016,2016/04/30 04:00:00+00,Revenue,Non-Operating Revenues,117807066.9,111497643.6,959348376.4,956257705.7,169
2016,2016/04/30 04:00:00+00,Expenses,Operating Expenses,125894381.7,128080184.9,1233479970,1302983063,170
2016,2016/04/30 04:00:00+00,Revenue,Operating Revenues,55371997.17,57087807.18,559411707.9,555141019,171
2016,2016/03/31 04:00:00+00,Expenses,Debt Service,33957538.9,36929747,333261116,341319927,172
2016,2016/03/31 04:00:00+00,Revenue,Non-Operating Revenues,81993029.26,85306254.71,841541309.5,844760062,173
2019,2018/08/31 04:00:00+00,Expenses,Operating Expenses,137053556.9,133700451.9,267570466.1,267302226.5,174
2016,2016/03/31 04:00:00+00,Expenses,Operating Expenses,124999764.6,132171623.9,1107585588,1174902878,175
2016,2016/03/31 04:00:00+00,Revenue,Operating Revenues,56522304.7,55454799.09,504039710.7,498053211.8,176
2016,2016/02/29 05:00:00+00,Expenses,Debt Service,39446897.48,38206626,299303577.1,304390180,177
2019,2018/08/31 04:00:00+00,Revenue,Operating Revenues,62477082.12,65639986.92,125750587.3,132466397.5,178
2016,2016/02/29 05:00:00+00,Revenue,Non-Operating Revenues,104775767.8,92165841.31,759548280.2,759453807.4,179
2019,2018/07/31 04:00:00+00,Expenses,Debt Service,42371931.22,41071752.5,42371931.22,41071752.5,180
2016,2016/02/29 05:00:00+00,Expenses,Operating Expenses,124148673.5,126365026.4,982585823.7,1042731254,181
2019,2018/07/31 04:00:00+00,Revenue,Non-Operating Revenues,106685887.4,102341196.9,106685887.4,102341196.9,182
2016,2016/02/29 05:00:00+00,Revenue,Operating Revenues,50443785.78,47177268.58,447517406.1,442598412.8,183
2019,2018/07/31 04:00:00+00,Expenses,Operating Expenses,130516909.2,133601774.6,130516909.2,133601774.6,184
2016,2016/01/31 05:00:00+00,Expenses,Debt Service,35234357.94,38206626,259856679.6,266183554,185
2019,2018/07/31 04:00:00+00,Revenue,Operating Revenues,63273505.24,66826410.57,63273505.24,66826410.57,186
2016,2016/01/31 05:00:00+00,Revenue,Non-Operating Revenues,120371673.6,117592329.3,654772512.5,667287966.1,187
2018,2018/06/30 04:00:00+00,Expenses,Debt Service,33439524.08,37622483.13,472008770.8,451390469.2,188
2016,2016/01/31 05:00:00+00,Expenses,Operating Expenses,123446863,129107161.8,858437150.3,916366227.7,189
2018,2018/06/30 04:00:00+00,Revenue,Non-Operating Revenues,133134656.4,102619498.5,1266142824,1200989314,190
2016,2016/01/31 05:00:00+00,Revenue,Operating Revenues,53195340.94,53658573.9,397073620.3,395421144.1,191
2018,2018/06/30 04:00:00+00,Expenses,Operating Expenses,123887907.5,123000111.8,1543184567,1546257636,192
2018,2018/06/30 04:00:00+00,Revenue,Operating Revenues,66474234.76,66732428.94,749159783.3,766196335.3,193
2018,2018/05/31 04:00:00+00,Expenses,Debt Service,40993554.01,37622483.24,438569246.7,413767986.1,194
2018,2018/05/31 04:00:00+00,Revenue,Non-Operating Revenues,103505845.2,99484982,1133008168,1098369815,195
2018,2018/05/31 04:00:00+00,Expenses,Operating Expenses,128178338.7,127063914.9,1419296660,1423257524,196
2018,2018/05/31 04:00:00+00,Revenue,Operating Revenues,64332640.63,64881443.65,682685548.5,699463906.4,197
2018,2018/04/30 04:00:00+00,Expenses,Debt Service,40999720.54,37622483.13,397575692.7,376145502.9,198
2018,2018/04/30 04:00:00+00,Revenue,Non-Operating Revenues,103421623.9,100889253.7,1029502322,998884833.4,199
2018,2018/04/30 04:00:00+00,Expenses,Operating Expenses,128769597.8,124153024.3,1291118321,1296193609,200
2018,2018/04/30 04:00:00+00,Revenue,Operating Revenues,61927759.21,64600514.46,618352907.9,634582462.6,201
2018,2018/03/31 04:00:00+00,Expenses,Debt Service,41269232.24,37622485.13,356575972.2,338523019.8,202
2018,2018/03/31 04:00:00+00,Revenue,Non-Operating Revenues,102323166.2,100267807.9,926080698.5,897995579.7,203
2018,2018/03/31 04:00:00+00,Expenses,Operating Expenses,130644805.3,138945967.7,1162348723,1172040585,204
2018,2018/03/31 04:00:00+00,Revenue,Operating Revenues,60464524.35,63066027.74,556425148.7,569981948.2,205
2018,2018/02/28 05:00:00+00,Expenses,Debt Service,40753995.68,37622483.13,315306739.9,300900534.6,206
2018,2018/02/28 05:00:00+00,Revenue,Non-Operating Revenues,105399339.9,99490053.31,823757532.3,797727771.8,207
2018,2018/02/28 05:00:00+00,Expenses,Operating Expenses,124506260.4,125178585.6,1031703918,1033094617,208
2018,2018/02/28 05:00:00+00,Revenue,Operating Revenues,58008350.47,58689145.37,495960624.2,506915920.5,209
2018,2018/01/31 05:00:00+00,Expenses,Debt Service,41199375.47,37622486.13,274552744.2,263278051.5,210
2018,2018/01/31 05:00:00+00,Revenue,Non-Operating Revenues,104986115.2,99487091.15,718358192.4,698237718.5,211
2018,2018/01/31 05:00:00+00,Expenses,Operating Expenses,133198162.4,133737910.7,907224452.1,907916031.6,212
2018,2018/01/31 05:00:00+00,Revenue,Operating Revenues,59665001.01,61446196.07,437952273.8,448226775.1,213
2018,2017/12/31 05:00:00+00,Expenses,Debt Service,40950410.61,37622483.13,233353368.8,225655565.4,214
2018,2017/12/31 05:00:00+00,Revenue,Non-Operating Revenues,104628824.9,102278156.7,613372077.2,598750627.3,215
2018,2017/12/31 05:00:00+00,Expenses,Operating Expenses,129917509.6,129872770.7,774026289.7,774178121,216
2018,2017/12/31 05:00:00+00,Revenue,Operating Revenues,59106415.03,62619607.24,378287272.9,386780579,217
2018,2017/11/30 05:00:00+00,Expenses,Debt Service,34895312.01,37622483.13,192402958.2,188033082.3,218
2018,2017/11/30 05:00:00+00,Revenue,Non-Operating Revenues,107742005.4,99500149.15,508743252.3,496472470.6,219
2018,2017/11/30 05:00:00+00,Expenses,Operating Expenses,127031570.3,130832844.9,644108780.1,644305350.3,220
2018,2017/11/30 05:00:00+00,Revenue,Operating Revenues,55369719.86,63218994.34,319180857.8,324160971.8,221
2018,2017/10/31 04:00:00+00,Expenses,Debt Service,37409465.22,37622483.13,157507646.1,150410599.2,222
2018,2017/10/31 04:00:00+00,Revenue,Non-Operating Revenues,97313016.5,98999902.36,401001247,396972321.5,223
2018,2017/10/31 04:00:00+00,Expenses,Operating Expenses,124628600.2,128683307.3,517077209.7,513472505.4,224
2018,2017/10/31 04:00:00+00,Revenue,Operating Revenues,65610502.06,65546800.15,263811138,260941977.4,225
2018,2017/09/30 04:00:00+00,Expenses,Debt Service,48657598.81,37596038.68,120098180.9,112788116,226
2018,2017/09/30 04:00:00+00,Revenue,Non-Operating Revenues,98614617.49,99778797.61,303688230.4,297972419.1,227
2018,2017/09/30 04:00:00+00,Expenses,Operating Expenses,134770640.1,127228313.9,392448609.5,384789198.2,228
2018,2017/09/30 04:00:00+00,Revenue,Operating Revenues,65872945.59,66183310.4,198200635.9,195395177.3,229
2018,2017/08/31 04:00:00+00,Expenses,Debt Service,35466487.01,37596038.68,71440582.08,75192077.35,230
2018,2017/08/31 04:00:00+00,Revenue,Non-Operating Revenues,99406172.71,99185349.04,205073613,198193621.5,231
2018,2017/08/31 04:00:00+00,Expenses,Operating Expenses,127076261.1,129781271.4,257677969.5,257560884.3,232
2018,2017/08/31 04:00:00+00,Revenue,Operating Revenues,69164671.72,65458815,132327690.3,129211866.9,233
2018,2017/07/31 04:00:00+00,Expenses,Debt Service,35974095.07,37596038.68,35974095.07,37596038.68,234
2018,2017/07/31 04:00:00+00,Revenue,Non-Operating Revenues,105667440.2,99008272.47,105667440.2,99008272.47,235
2018,2017/07/31 04:00:00+00,Expenses,Operating Expenses,130601708.4,127779612.9,130601708.4,127779612.9,236
2018,2017/07/31 04:00:00+00,Revenue,Operating Revenues,63163018.54,63753051.87,63163018.54,63753051.87,237
2017,2017/06/30 04:00:00+00,Expenses,Debt Service,40956991.36,38306175,427924439.2,458142702,238
2017,2017/06/30 04:00:00+00,Revenue,Non-Operating Revenues,110027956.2,103439811.3,1209548604,1218861746,239
2017,2017/06/30 04:00:00+00,Expenses,Operating Expenses,131651138.6,132639917.8,1527127615,1563738927,240
2016,2015/12/31 05:00:00+00,Expenses,Debt Service,37825096.07,38206628,224622321.6,227976928,241
2016,2015/12/31 05:00:00+00,Revenue,Non-Operating Revenues,78467711.68,98273849.41,534400838.9,549695636.8,242
2016,2015/12/31 05:00:00+00,Expenses,Operating Expenses,124668045,133403799.5,734990287.2,787259066,243
2016,2015/12/31 05:00:00+00,Revenue,Operating Revenues,53835646.95,53310535.39,343878279.4,341762570.2,244
2016,2015/11/30 05:00:00+00,Expenses,Debt Service,37809906.15,38206628,186797225.6,189770300,245
2016,2015/11/30 05:00:00+00,Revenue,Non-Operating Revenues,88226432.46,80638412.39,455933127.2,451421787.4,246
2016,2015/11/30 05:00:00+00,Expenses,Operating Expenses,121555974.8,127879027.3,610322242.2,653855266.5,247
2016,2015/11/30 05:00:00+00,Revenue,Operating Revenues,55957152.84,55574789.22,290042632.4,288452034.9,248
2016,2015/10/31 04:00:00+00,Expenses,Debt Service,38209296.55,38206626,148987319.4,151563672,249
2016,2015/10/31 04:00:00+00,Revenue,Non-Operating Revenues,119180792.3,116152162.8,367706694.8,370783375,250
2016,2015/10/31 04:00:00+00,Expenses,Operating Expenses,117035362.8,131284053.1,488766267.4,525976239.2,251
2016,2015/10/31 04:00:00+00,Revenue,Operating Revenues,59396849.71,59617473.59,234085479.5,232877245.7,252
2016,2015/09/30 04:00:00+00,Expenses,Debt Service,37353582.3,38206628,110778022.9,113357046,253
2016,2015/09/30 04:00:00+00,Revenue,Non-Operating Revenues,86862260.66,90192387.35,248525902.4,254631212.1,254
2016,2015/09/30 04:00:00+00,Expenses,Operating Expenses,127099480.6,130674389.1,371730904.6,394692186.1,255
2016,2015/09/30 04:00:00+00,Revenue,Operating Revenues,58957562.29,58794664.62,174688629.8,173259772.1,256
2016,2015/08/31 04:00:00+00,Expenses,Debt Service,36070311.73,36943793,73424440.55,75150418,257
2016,2015/08/31 04:00:00+00,Revenue,Non-Operating Revenues,86047878.78,84366038.51,161663641.8,164438824.9,258
2016,2015/08/31 04:00:00+00,Expenses,Operating Expenses,118476759.5,128941022.3,244631423.9,264017797,259
2016,2015/08/31 04:00:00+00,Revenue,Operating Revenues,57208100.22,56724721.24,115731067.6,114465107.4,260
2016,2015/07/31 04:00:00+00,Expenses,Debt Service,37354128.82,38206625,37354128.82,38206625,261
2016,2015/07/31 04:00:00+00,Revenue,Non-Operating Revenues,75615762.97,80072786.33,75615762.97,80072786.33,262
2016,2015/07/31 04:00:00+00,Expenses,Operating Expenses,126154664.4,135076774.7,126154664.4,135076774.7,263
2016,2015/07/31 04:00:00+00,Revenue,Operating Revenues,58522967.3,57740386.2,58522967.3,57740386.2,264
2015,2015/06/30 04:00:00+00,Expenses,Debt Service,24729467.69,32739022.51,413439711.7,423938425.5,265
2015,2015/06/30 04:00:00+00,Revenue,Non-Operating Revenues,142500323.6,121956788,1157292600,1001817916,266
2015,2015/06/30 04:00:00+00,Expenses,Operating Expenses,145087793.1,124309483.5,1508820862,1508921410,267
2015,2015/06/30 04:00:00+00,Revenue,Operating Revenues,57387316.45,56642013.86,645968040.7,646174787.5,268
2014,2014/06/30 04:00:00+00,Expenses,Debt Service,28644305.51,35309773,435099747.3,443827234,269
2014,2014/06/30 04:00:00+00,Revenue,Non-Operating Revenues,104938647.5,107056240.3,1139715314,1133937316,270
2014,2014/06/30 04:00:00+00,Expenses,Operating Expenses,123437048.8,115474073.1,1429983520,1422728221,271
2014,2014/06/30 04:00:00+00,Revenue,Operating Revenues,48976353.87,51827913.85,624394509.7,614558683.4,272
2013,2013/06/30 04:00:00+00,Expenses,Debt Service,32867008.18,35646947,436500349,437024363.5,273
2013,2013/06/30 04:00:00+00,Revenue,Non-Operating Revenues,111325677.5,111293012,1179623620,1186920136,274
2013,2013/06/30 04:00:00+00,Expenses,Operating Expenses,114368732.1,107438869.4,1329191083,1329239042,275
2013,2013/06/30 04:00:00+00,Revenue,Operating Revenues,53515380.22,51027838.43,614717079.1,579343269.4,276
2012,2012/06/30 04:00:00+00,Expenses,Debt Service,2232979.7,31248534.15,362606248.5,362184811.2,277
2012,2012/06/30 04:00:00+00,Revenue,Non-Operating Revenues,149405042.9,108748835.7,1144156555,1151384601,278
2012,2012/06/30 04:00:00+00,Expenses,Operating Expenses,107132629.7,104116127.3,1292576584,1293958393,279
2012,2012/06/30 04:00:00+00,Revenue,Operating Revenues,45832770.13,44211437.33,513189121.7,504758603.2,280
2011,2011/06/30 04:00:00+00,Expenses,Debt Service,31914908.91,38011807.67,393228326.3,404825219.7,281
2011,2011/06/30 04:00:00+00,Revenue,Non-Operating Revenues,116728898,120999671,1101976677,1103126739,282
2011,2011/06/30 04:00:00+00,Expenses,Operating Expenses,102814198,100349331.8,1219941342,1216875486,283
2011,2011/06/30 04:00:00+00,Revenue,Operating Revenues,46506645.24,46467136.45,511205798.5,518573966.9,284
